{
    "lwe_freq": [
        78124999999999.98,
        79101562499999.98,
        80078124999999.98,
        81054687499999.98,
        82031249999999.98,
        83007812499999.98,
        83984374999999.98,
        84960937499999.98,
        85937499999999.98,
        86914062499999.98,
        87890624999999.98,
        88867187499999.98,
        89843749999999.98,
        90820312499999.98,
        91796874999999.98,
        92773437499999.98,
        93749999999999.98,
        94726562499999.98,
        95703124999999.98,
        96679687499999.98,
        97656249999999.98,
        98632812499999.98,
        99609374999999.98,
        100585937499999.98,
        101562499999999.98,
        102539062499999.98,
        103515624999999.98,
        104492187499999.98,
        105468749999999.98,
        106445312499999.98,
        107421874999999.98,
        108398437499999.98,
        109374999999999.98,
        110351562499999.98,
        111328124999999.98,
        112304687499999.98,
        113281249999999.98,
        114257812499999.98,
        115234374999999.98,
        116210937499999.98
    ],
    "NL = 2e-20": [
        2.299947482138893e-22,
        3.076274291908201e-22,
        4.1253647109008894e-22,
        5.4681925103478195e-22,
        7.204992470991615e-22,
        9.803518068308761e-22,
        1.433141285653951e-21,
        2.2458328637098812e-21,
        3.7717979194326154e-21,
        7.24984076522203e-21,
        1.2781176900241916e-20,
        1.4775790405946582e-20,
        1.5096976082856753e-20,
        3.024714806351505e-20,
        6.786388668735702e-20,
        1.150229314527847e-19,
        1.5426158450811457e-19,
        1.7622099415605582e-19,
        1.8095616486783028e-19,
        1.7329661574809008e-19,
        1.578138702670081e-19,
        1.3930064340396813e-19,
        1.2006130984231144e-19,
        1.0118950407269627e-19,
        8.3141720112246e-20,
        6.871171106483197e-20,
        6.104116838599941e-20,
        5.767415481376111e-20,
        5.1136081671071135e-20,
        4.080772000873726e-20,
        3.21089540573989e-20,
        2.6401059667101942e-20,
        2.2318302590712374e-20,
        1.9137748582862772e-20,
        1.6601758451617466e-20,
        1.453269888348122e-20,
        1.2774509934724797e-20,
        1.1234542904728046e-20,
        9.855264987056664e-21,
        8.616493052476258e-21
    ],
    "NL = 4e-20": [
        4.4292073556581107e-23,
        6.46261097545931e-23,
        9.840315961563142e-23,
        1.5019087298342076e-22,
        2.186412545012209e-22,
        3.074134275632372e-22,
        4.608126595084041e-22,
        7.868002822283319e-22,
        1.5579470348602868e-21,
        4.012158816946189e-21,
        9.631608179095996e-21,
        1.4307493670773497e-20,
        1.560480814130868e-20,
        2.4931753073423127e-20,
        5.252818349748776e-20,
        9.221356106434224e-20,
        1.301906779992397e-19,
        1.5681060484925573e-19,
        1.699193100406715e-19,
        1.7203513464129784e-19,
        1.663201709982401e-19,
        1.5694797390873997e-19,
        1.4623700154802017e-19,
        1.352685011687625e-19,
        1.2318984386891796e-19,
        1.095409322379325e-19,
        9.402322558852764e-20,
        7.54610044944535e-20,
        5.4199456625375906e-20,
        3.673368717878337e-20,
        2.6895405360891682e-20,
        2.116466884875251e-20,
        1.6730813574732244e-20,
        1.311173208774216e-20,
        1.0200175296286651e-20,
        7.874446151622592e-21,
        6.013803467004671e-21,
        4.542227560669179e-21,
        3.399799409539788e-21,
        2.53633453955507e-21
    ],
    "NL = 6e-20": [
        1.2126027276433481e-23,
        1.8738932758969838e-23,
        3.329576109600873e-23,
        6.738945277948276e-23,
        1.2733832863515563e-22,
        1.8967198848597135e-22,
        2.6811465219223884e-22,
        4.783852554156629e-22,
        1.0443748617897491e-21,
        3.1893662188036593e-21,
        9.659226172574769e-21,
        1.7878299542404015e-20,
        2.145570934308897e-20,
        2.576802458646407e-20,
        4.143320675949792e-20,
        6.798279408609694e-20,
        9.674203636108845e-20,
        1.2025653491336593e-19,
        1.358705796156343e-19,
        1.4442249582350052e-19,
        1.4774815289174712e-19,
        1.493567792369009e-19,
        1.5193464506336697e-19,
        1.5606957111627504e-19,
        1.5707010418989938e-19,
        1.473487538641718e-19,
        1.225090409029745e-19,
        8.788988321203869e-20,
        5.647227640161427e-20,
        3.822400669076902e-20,
        2.974282197850594e-20,
        2.3727048335512972e-20,
        1.8638844779762117e-20,
        1.4621615825510384e-20,
        1.1429724423317417e-20,
        8.835110954833347e-21,
        6.740349128625219e-21,
        5.1337416694536114e-21,
        3.952237788164231e-21,
        3.0915213079526006e-21
    ],
    "seed": [
        5.125986522193877e-31,
        1.4404179566282003e-30,
        2.9238128449608853e-30,
        6.022316675548528e-30,
        1.1687448648532914e-29,
        2.0280413047248773e-29,
        6.047226921942833e-29,
        2.6778796925002565e-26,
        2.612812131077547e-24,
        9.004129225401275e-23,
        1.2509224992924128e-21,
        8.267274487551092e-21,
        3.0343813905984515e-20,
        7.0939905609959e-20,
        1.1896285248919894e-19,
        1.5824684595296224e-19,
        1.8131908985197829e-19,
        1.9081574613340465e-19,
        1.931246869488793e-19,
        1.932861336448744e-19,
        1.9315021327791442e-19,
        1.9108844874768714e-19,
        1.822311609922223e-19,
        1.601544622634559e-19,
        1.2178982007831801e-19,
        7.388420354013336e-20,
        3.237331752072685e-20,
        9.109169426122335e-21,
        1.43721788234876e-21,
        1.0897747250686625e-22,
        3.314650727257879e-24,
        3.0983026157593253e-26,
        2.185085159291654e-28,
        4.5940949163243643e-29,
        2.576215948633134e-29,
        1.4085296294215318e-29,
        7.005349810556736e-30,
        3.4475196818904664e-30,
        1.4348495710516318e-30,
        5.23284111151967e-31
    ]
}