{
    "pulse durations": [
        0.06289180604389628,
        0.05841483997253279,
        0.05320905593585973,
        0.04764222964562748,
        0.04253701103892477,
        0.0389009247609869,
        0.03757936426918118, 
        0.0389009247609869, 
        0.04253701103892477, 
        0.04764222964562748, 
        0.05320905593585973, 
        0.05841483997253279, 
        0.06289180604389628
    ], 
    "x axis": [
        0.0, 
        0.5, 
        1.0, 
        1.5, 
        2.0, 
        2.5, 
        3.0
    ]
}