{
    "hemmer": [
        66,
        65,
        52.5,
        37.5,
        33.5,
        32.5,
        33,
        35,
        42,
        53,
        59,
        64,
        67.5
    ],
    "NL = 2e-20": [
        59.821763609567924,
        58.29491456503414,
        56.42422649971045,
        54.09983756475935,
        51.28166505629759,
        47.82856981819157,
        43.69059781258805,
        38.761283493097196,
        32.91194582797536,
        26.88077435062225,
        21.690002794981677,
        18.544801772059255,
        16.46900728852522,
        15.367065176181702,
        15.569234563556453,
        17.287648582072556,
        17.857321122998066,
        19.417515953673444,
        24.649330975480463,
        32.21382611292467,
        39.16916608991665,
        44.3659962771071,
        48.59444734380395,
        52.020462502899456,
        54.74452662710618
    ],
    "NL = 4e-20": [
        59.8416907625682,
        58.334017340202735,
        56.50800033333671,
        54.26828383332721,
        51.59456086790479,
        48.57303004784706,
        45.35835780667251,
        42.011865015095665,
        39.35776876602902,
        37.450235031968454,
        35.59943853663154,
        32.32161827428757,
        27.353729140309383,
        25.11579587592667,
        28.29485754481892,
        31.363830443161618,
        28.47092954625463,
        25.886753924305722,
        27.779680720384412,
        33.16540108478923,
        39.83140757934987,
        45.312758970183964,
        48.98276140844838,
        52.17117427893543,
        54.861252056053885
    ],
    "NL = 6e-20": [
        59.89605110327579,
        58.439841766683536,
        56.72520808263527,
        54.71637135177122,
        52.51698147271347,
        50.10963624624902,
        47.96570033032727,
        45.89209513807098,
        43.2495989433097,
        39.986476507715494,
        36.64901521256301,
        33.43549214719987,
        29.061229100146868,
        27.702757379430864,
        32.18738565543923,
        35.21618338780542,
        32.15729395130467,
        28.39876049862303,
        28.091064274824795,
        31.7149885639522,
        38.08903847204985,
        44.60950830161589,
        49.407778136817434,
        52.789531884821386,
        55.182438056658796
    ]
}